id;title;mime_type;type_doc
1;mobile Fish;Home Loan Account Table Computer;EXERCISE
2;Savings Account alarm;Tasty Metal Bacon;COURSES
3;Home Loan Account;web-readiness;EXERCISE
4;Steel zero administration;Multi-channelled Licensed;JUSTIF
5;Canyon HDD;Table Small Frozen Sausages Planner;EXERCISE
6;infomediaries;Investment Account;COURSES
7;copy convergence;Mayotte;EXERCISE
8;connect Markets Chief;capacitor archive;EXERCISE
9;compress South Georgia and the South Sandwich Islands;compelling mission-critical;EXERCISE
10;Small;deliverables reinvent 24 hour;EXERCISE
